ID,Date (Masonic Timeline),Type (Masonic Timeline),Details (Masonic Timeline),Additional Information (Masonic Timeline)
3918,2018,LO,AUDITOR,AUD(129) 2018ER (JOEL);
3918,2019,LO,AUDITOR,AUD(129) E/R 2019[CATH]
4030,2007,LO,JW,JW (51) 2007 ER;
4030,2008,LO,SW,SW (51) 2008 ER;
4030,2009,LO,WM,WM(51) 2009 ER;
4353,2009,LO,SW,SW(323) 2009 ER;
4354,2009,LO,JW,JW(51) 2009 ER;
4354,2010,LO,SW,SW (51) 2010 ER (ann04/07/10); 
4397,2015,LO,AUDITOR,AUD (69) 2015 ER [JEN];
4823,2008,LO,AUDITOR,AUD. (332) 2008 ER;
4823,2009,LO,AUDITOR,AUD(332) 2009 ER;
4823,2014,LO,AUDITOR,AUD (15) ER 2014 [JEN]; 
4823,2015,LO,AUDITOR,AUD (15) 2015 ER [JEN];
7735,2008,LO,SW,SW (165) 2008 ER;
7735,2009,LO,WM,WM(165) 2009 ER;
7771,2007,LO,AUDITOR,AUD (17) 2007 ER;
7850,2016,LO,TREASURER,TREAS (15) 2016 ER [JEN];
13010,2007,LO,SW,SW (31) 2007 ER;
13010,2017,LO,SW,SW (31) 2017 ER [JEN];
13010,2018,LO,WM,WM(31) 2018ER (JOEL);
13010,2019,LO,SECRETARY,SEC(31) E/R 2019 [CATH]
13063,2010,LO,SECRETARY,SEC (31) 2010 ER (ann04/14/10); 
13437,2019,LO,TREASURER,TREAS(31) E/R 2019 [CATH]
13437,2020,LO,TREASURER,TREASURER [31] E/R 2020 [MON]
13526,2012,LO,WM,WM (31) 2012 ER [JEN];
13526,2014,LO,AUDITOR,AUD (31) 2014 ER [JEN];
21533,2014,LO,TREASURER,TREAS (69) ER 2014 [JEN]; 
21533,2015,LO,TREASURER,TREAS (69) 2015 ER [JEN];
21533,2018,LO,TREASURER,TREAS(441) 2018 E/R [JOEL]
21533,2019,LO,TREASURER,TREAS(441)E/R2019[JOAN]
21533,2020,LO,TREASURER,TREASURER [441] E/R 2020 [MON]
21533,2022,LO,TREASURER,Treasurer [441] Er 2022  [lara]
21868,2007,LO,JW,JW (69) 2007 ER;
23127,2009,LO,JW,JW(378) 2009 ER;
23127,2010,LO,SW,SW (378) 2010 ER (ann04/15/10); 
23127,2011,LO,WM,WM (378) 2011 ER [ann]; 
23127,2012,LO,AUDITOR,AUD (378) ER 2012 (fav 04/18/2012);
23127,2013,LO,AUDITOR,AUD (378) 2013 ER [JEN];
23127,2014,LO,AUDITOR,AUD (378) 2014 ER [JEN];
23127,2020,LO,SECRETARY,SEC [448] 2020 E/R [JOEL]
23127,2022,LO,AUDITOR,Auditor [448] Er 2022  [lara]
23127,2023,LO,AUDITOR,Auditor [448] E/R 2023 [lara]
23561,2007,LO,WM,WM (69) 2007 ER;
23585,2007,LO,SECRETARY,SEC (69) 2007 ER;
23585,2008,LO,SECRETARY,SEC. (69) 2008 ER;
23585,2009,LO,SECRETARY,SEC(69) 2009 ER;
23585,2010,LO,TREASURER,TREAS (346) 2010 ER (ann04/14/10); 
23681,2012,LO,AUDITOR,AUD (69) 2012 ER [JEN];
23681,2013,LO,AUDITOR,AUD (69) 2013 ER [JEN]; 
23681,2014,LO,AUDITOR,AUD (69) ER 2014 [JEN]; 
24676,2007,LO,AUDITOR,AUD (51) 2007 ER;
24676,2008,LO,AUDITOR,AUD. (51) 2008 ER;
24677,2009,LO,SECRETARY,SEC(51) 2009 ER;
24790,2009,LO,TREASURER,TREAS(51) 2009 ER;
24819,2007,LO,TREASURER,TREAS (51) 2007 ER;
24819,2008,LO,TREASURER,TREAS. (51) 2008 ER;
24819,2010,LO,AUDITOR,AUD (51) 2010 ER (ann04/07/10); 
24819,2011,LO,AUDITOR,AUD (51) 2011 ER [ann]; 
24846,2011,LO,SW,SW (51) 2011 ER [ann]; 
24846,2012,LO,WM,WM (51) 2012 ER [JEN];
24934,2007,LO,SW,SW (51) 2007 ER;
24934,2008,LO,WM,WM (51) 2008 ER;
24961,2009,LO,AUDITOR,AUD(51) 2009 ER;
24976,2007,LO,SECRETARY,SEC (51) 2007 ER;
25058,2007,LO,WM,WM (51) 2007 ER;
25058,2010,LO,SECRETARY,SEC (51) 2010 ER (ann04/07/10); 
25058,2014,LO,AUDITOR,AUD (51) 2014 ER [JEN]; 
25058,2015,LO,AUDITOR,AUD (51) 2015 ER [JEN];
25058,2016,LO,AUDITOR,AUD (51) 2016 ER [JEN];
32456,2011,LO,SECRETARY,SEC (51) 2011 ER [ann]; 
56847,2007,LO,TREASURER,TREAS (69) 2007 ER;
56847,2008,LO,TREASURER,TREAS. (69) 2008 ER;
56847,2009,LO,TREASURER,TREAS(69) 2009 ER;
56847,2010,LO,AUDITOR,AUD (69) 2010 ER (ann04/07/10); 
56847,2010,LO,AUDITOR,AUD (69) 2010 ER (ann04/07/10); 
56847,2011,LO,AUDITOR,AUD (69) 2011 ER [ann]; 
56847,2013,LO,TREASURER,TREAS (69) 2013 ER [JEN]; 
57426,2008,LO,SECRETARY,SEC. (51) 2008 ER;
57426,2010,LO,JW,JW (51) 2010 ER (ann04/07/10); 
57426,2011,LO,WM,WM (51) 2011 ER [ann]; 
57426,2012,LO,AUDITOR,AUD (51) 2012 ER [JEN];
58007,2017,LO,TREASURER,TREAS (69) 2017 ER [JEN];
58007,2018,LO,TREASURER,TREAS(69) 2018ER (JOEL);
58397,2007,LO,SW,SW (17) 2007 ER;
58725,2008,LO,JW,JW (51) 2008 ER;
58725,2009,LO,SW,SW(51) 2009 ER;
58725,2010,LO,WM,WM (51) 2010 ER (ann04/07/10); 
58725,2012,LO,SECRETARY,SEC (51) 2012 ER [JEN];
58725,2013,LO,SECRETARY,SEC (51) 2013 ER [JEN];
58725,2014,LO,SECRETARY,SEC (51) 2014 ER [JEN]; 
58725,2015,LO,SECRETARY,SEC (51) 2015 ER [JEN];
59064,2007,LO,JW,JW (31) 2007 ER;
59064,2008,LO,SW,SW (31) 2008 ER;
59064,2010,LO,WM,WM (31) 2010 ER (ann04/14/10); 
60081,2010,LO,SW,SW (31) 2010 ER (ann04/14/10); 
60081,2013,LO,JW,JW (31) 2013 ER [JEN];
60282,2007,LO,TREASURER,TREAS (31) 2007 ER;
60282,2008,LO,JW,JW (31) 2008 ER;
60340,2007,LO,AUDITOR,AUD (31) 2007 ER;
60808,2019,LO,JW,JW (280)E/R 2019 (RONA)
60808,2020,LO,WM,WM [280] E/R 2020 [MON]
60808,2023,LO,AUDITOR,Auditor [280] E/R 2023 [lara]
60809,2007,LO,WM,WM (31) 2007 ER;
60809,2008,LO,WM,WM (31) 2008 ER;
61453,2013,LO,AUDITOR,AUD (31) 2013 ER [JEN];
61453,2014,LO,TREASURER,TREAS (31) 2014 ER [JEN];
61453,2015,LO,TREASURER,TREAS (31) 2015 ER [JEN];
61453,2016,LO,TREASURER,TREAS (31) 2016 ER [JEN];
61453,2018,LO,WM,WM(441) 2018 E/R [JOEL ]
62020,2017,LO,JW,JW (31) 2017 ER [JEN];
62020,2018,LO,SW,SW(31) 2018ER (JOEL);
62020,2019,LO,WM,WM(31) E/R 2019 [CATH]
62610,2008,LO,TREASURER,TREAS. (346) 2008 ER;
63181,2020,LO,JW,JW [31] E/R 2020 [MON]
63181,2022,LO,SW,SW [31] Er 2022  [lara]
63181,2023,LO,WM,WM [31] E/R 2023 [lara]
63550,2010,LO,TREASURER,TREAS (51) 2010 ER (ann04/07/10); 
63550,2011,LO,TREASURER,TREAS (51) 2011 ER [ann]; 
63550,2012,LO,TREASURER,TREAS (51) 2012 ER [JEN];
63550,2013,LO,TREASURER,TREAS (51) 2013 ER [JEN];
64336,2012,LO,TREASURER,TREAS (69) 2012 ER [JEN];
64336,2013,LO,JW,JW (69) 2013 ER [JEN]; 
64336,2014,LO,SW,SW (69) ER 2014 [JEN]; 
64336,2015,LO,WM,WM (69) 2015 ER [JEN];
64336,2016,LO,AUDITOR,AUD (69) 2016 ER [JEN];
64336,2017,LO,AUDITOR,AUD (69) 2017 ER [JEN];
64336,2018,LO,AUDITOR,AUD(69) 2018ER (JOEL);
64336,2019,LO,AUDITOR,AU(69)E/R2019[JOAN]
64336,2020,LO,AUDITOR,AUDITOR  [69] E/R 2020 [MON]
64336,2022,LO,AUDITOR,Auditor [69] Er 2022 - [lara]
64336,2023,LO,AUDITOR,Auditor [69] E/R 2023 [lara]
64336,2024,LO,AUDITOR,Auditor [69] ER 2024 [Lara]
64336,2025,LO,AUDITOR,Auditor [69] E/R 2025 [Lara]
65005,2007,LO,AUDITOR,AUD (69) 2007 ER;
65005,2008,LO,AUDITOR,AUD. (69) 2008 ER;
65005,2009,LO,SECRETARY,SEC(370) 2009 ER;
65005,2018,LO,SECRETARY,SEC(370) ER2018 (JOEL)
65005,2019,LO,SECRETARY,SEC(370) E/R 2019[JOAN]
65005,2020,LO,SECRETARY,SEC [370] 2020 E/R [JOEL]
65659,2008,LO,SW,SW (346) 2008 ER;
65659,2020,LO,AUDITOR,AUDITOR [447] E/R 2020 [MON]
65659,2022,LO,AUDITOR,Auditor [447] Er 2022  [lara]
65659,2023,LO,AUDITOR,Auditor [447] E/R 2023 [lara]
65660,2008,LO,AUDITOR,AUD. (346) 2008 ER;
65660,2011,LO,AUDITOR,AUD (350) 2011 ER [ann]; 
65660,2013,LO,AUDITOR,AUD (346) 2013 ER [JEN];
65660,2014,LO,AUDITOR,AUD (346) 2014 ER [JEN]; 
65660,2015,LO,AUDITOR,AUD (346) 2015 ER [JEN];
65660,2016,LO,AUDITOR,AUD (346) 2016 ER [JEN];
65695,2024,LO,JW,JW [77] ER 2024 [Lara]
65695,2025,LO,SW,SW [77] ER 2025 [Lara]
65772,2013,LO,JW,JW (346) 2013 ER [JEN];
65772,2014,LO,WM,WM (346) 2014 ER [JEN]; 
65772,2022,LO,TREASURER,Treasurer [467] Er 2022  [lara]
65772,2023,LO,TREASURER,Treasurer [467] E/R 2023 [lara]
65772,2024,LO,TREASURER,Treasurer [467] ER 2024 [Lara]
65884,2017,LO,JW,JW (352) 2017 ER [JEN];
66259,2007,LO,SECRETARY,SEC (31) 2007 ER;
66800,2007,LO,WM,
66800,2008,LO,AUDITOR,AUD. (15) 2008 ER;
66800,2009,LO,SECRETARY,SEC(15) 2009 ER;
66800,2010,LO,SECRETARY,SEC (15) 2010 ER (ann04/06/10); 
66933,2045,LO,TREASURER,TREAS (407) 2015 ER [JEN];
66933,2016,LO,SECRETARY,SEC (407) 2016 ER [JEN];
66933,2017,LO,SECRETARY,SEC (407) 2017 ER [JEN];
66933,2018,LO,SECRETARY,SEC(407) ER2018 (JOEL)
66933,2019,LO,SECRETARY,SEC(407)E/R2019[JOAN]
66933,2022,LO,AUDITOR,Auditor[407] Er 2022  [lara]
66933,2024,LO,AUDITOR,Auditor [407] ER 2024 [Lara]
67320,2010,LO,SW,SW (69) 2010 ER (ann04/07/10); 
67320,2011,LO,WM,WM (69) 2011 ER [ann]; 
67320,2014,LO,AUDITOR,AUD (401) 2014 ER [JEN]; 
67320,2015,LO,AUDITOR,AUD (401) 2015 ER [JEN];
67320,2020,LO,TREASURER,TREAS [448] 2020 E/R [JOEL]
67320,2022,LO,TREASURER,Treasurer [448] Er 2022  [lara]
67320,2023,LO,TREASURER,Treasurer [448] E/R 2023 [lara]
67422,2009,LO,TREASURER,TREAS(352) 2009 ER;
67674,2023,LO,SW,SW [466] E/R 2023 [lara]
67674,2024,LO,WM,WM [466] ER 2024 [Lara]
67688,2008,LO,JW,JW (346) 2008 ER;
67886,2008,LO,SECRETARY,SEC.  (346) 2008 ER;
67886,2010,LO,SECRETARY,SEC (346) 2010 ER (ann04/14/10); 
67886,2014,LO,SECRETARY,SEC (346) 2014 ER [JEN]; 
67886,2015,LO,SECRETARY,SEC (346) 2015 ER [JEN];
67955,2008,LO,SECRETARY,SEC. (352) 2008 ER;
67959,2010,LO,SW,SW (84) 2010 ER (ann04/08/10); 
67959,2011,LO,SW,SW (84) 2011 ER [ann]; 
67959,2012,LO,SW,SW (84) 2012 ER [JEN];
67959,2013,LO,WM,WM (84) 2013 ER [JEN];
67960,2011,LO,JW,JW (69) 2011 ER [ann]; 
67960,2012,LO,SW,SW (69) 2012 ER [JEN];
67960,2013,LO,WM,WM (69) 2013 ER [JEN]; 
67983,2009,LO,WM,WM(352) 2009 ER;
67983,2010,LO,AUDITOR,AUD (352) 2010 ER (ann04/14/10); 
68030,2007,LO,SW,SW (69) 2007 ER;
68030,2008,LO,WM,WM (69) 2008 ER;
68030,2009,LO,AUDITOR,AUD(69) 2009 ER;
68030,2010,LO,TREASURER,TREAS (69) 2010 ER (ann04/07/10); 
68030,2011,LO,TREASURER,TREAS (69) 2011 ER [ann]; 
68202,2007,LO,JW,
68202,2008,LO,WM,WM (15) 2008 ER; 
68202,2009,LO,AUDITOR,AUD(15) 2009 ER;
68202,2010,LO,AUDITOR,AUD (15) 2010 ER (ann04/06/10); 
68202,2011,LO,SECRETARY,SEC (15) 2011 ER [ann]; 
68202,2012,LO,SECRETARY,SEC (15) PER 2011 AR [JEN];
68202,2013,LO,SECRETARY,SEC (15) 2013 ER [JEN];
68202,2014,LO,SECRETARY,SEC (15) ER 2014 [JEN]; 
68202,2015,LO,SECRETARY,SEC (15) 2015 ER [JEN];
68202,2017,LO,TREASURER,TREAS (15) 2017 ER [JEN];
68202,2018,LO,TREASURER,TREAS(15) 2018ER (JOEL);
68202,2019,LO,TREASURER,TREASURER(15)E/R2019[JOAN]
68202,2022,LO,SECRETARY,Secretary [15] Er 2022  [lara]
68206,2007,LO,SECRETARY,
68206,2008,LO,SECRETARY,SEC. (15) 2008 ER;
68206,2019,LO,JW,JW(15)E/R2019[JOAN]
68206,2020,LO,SW,SW [15] E/R 2020 [MON]
68206,2021,LO,WM,WM [15] MY 2021 PER 2021 E/R [JOEL]
68206,2024,LO,SECRETARY,Sec [15] E/R 2024 [Lara]
68206,2025,LO,SECRETARY,Sec [15] E/R 2025 [Lara]
68207,2007,LO,SW,
68207,2009,LO,TREASURER,TREAS(15) 2009 ER;
68207,2010,LO,TREASURER,TREAS (15) 2010 ER (ann04/06/10); 
68207,2011,LO,AUDITOR,AUD (15) 2011 ER [ann]; 
68207,2012,LO,AUDITOR,AUD (15) PER 2011 AR [JEN];
68207,2013,LO,AUDITOR,AUD (15) 2013 ER [JEN];
68208,2007,LO,AUDITOR,
68208,2008,LO,SW,SW (15) 2008 ER;
68208,2009,LO,WM,WM(15) 2009 ER;
68208,2011,LO,TREASURER,TREAS (15) 2011 ER [ann]; 
68208,2012,LO,TREASURER,TREAS (15) PER 2011 AR [JEN];
68208,2013,LO,TREASURER,TREAS (15) 2013 ER [JEN];
68208,2014,LO,TREASURER,TREAS (15) ER 2014 [JEN]; 
68208,2018,LO,AUDITOR,AUD(15) 2018ER (JOEL);
68208,2019,LO,AUDITOR,AU(15)E/R2019[JOAN]
68208,2022,LO,TREASURER,Treasurer [15] Er 2022  [lara]
68208,2020,LO,TREASURER,TREASURER [15] E/R 2020 [MON]
68208,2021,LO,AUDITOR,TREAS[15] MY 2021 PER 2021 E/R [JOEL]
68208,2023,LO,TREASURER,Treasurer [15] E/R 2023 [lara]
68318,2025,LO,AUDITOR,Auditor [352] ER 2025 [Lara]
68363,2008,LO,JW,JW (15) 2008 ER;
68363,2009,LO,SW,SW(15) 2009 ER;
68363,2010,LO,WM,WM (15) 2010 ER (ann04/06/10); 
68530,2012,LO,AUDITOR,AUD (31) 2012 ER [JEN];
68632,2010,LO,JW,JW (69) 2010 ER (ann04/07/10); 
68632,2011,LO,SW,SW (69) 2011 ER [ann]; 
68632,2012,LO,WM,WM (69) 2012 ER [JEN];
68632,2014,LO,SECRETARY,SEC (69) ER 2014 [JEN]; 
68831,2016,LO,SW,SW (416) 2016 ER [JEN];
68831,2017,LO,WM,WM (416) 2017 ER [JEN];
69040,2019,LO,SW,SW(69)E/R2019[JOAN]
69040,2020,LO,SW,SW [69] E/R 2020 [MON]
69040,2022,LO,WM,Wm [69] Er 2022 - [lara]
69119,2017,LO,SW,SW (416) 2017 ER [JEN];
69119,2018,LO,WM,WM(416) ER2018 (JOEL)
69119,2022,LO,SECRETARY,Sec [416] Er 2022  [lara]
69119,2023,LO,SECRETARY,Sec [416] E/R 2023  [lara]
69119,2024,LO,SECRETARY,Sec [416] ER 2024 [Lara]
69119,2025,LO,SECRETARY,Sec [416] ER 2025 [Lara]
69178,2008,LO,WM,WM (366) 2008 ER;
69178,2013,LO,AUDITOR,AUD (366) 2013 ER [JEN];
69178,2014,LO,AUDITOR,AUD (366) 2014 ER [JEN]; 
69178,2020,LO,WM,WM [366] E/R 2020 [MON]
69179,2014,LO,JW,JW (69) ER 2014 [JEN]; 
69179,2015,LO,SW,SW (69) 2015 ER [JEN];
69179,2016,LO,WM,WM (69) 2016 ER [JEN];
69179,2020,LO,WM,WM [448] 2020 E/R [JOEL]
69249,2009,LO,JW,JW(15) 2009 ER;
69249,2018,LO,SECRETARY,SEC(15) 2018ER (JOEL);
69249,2019,LO,SECRETARY,SEC(15)E/R2019[JOAN]
69249,2022,LO,WM,WM [15] Er 2022  [lara]
69249,2020,LO,SECRETARY,SECRETARY [15] E/R 2020 [MON]
69249,2021,LO,SECRETARY,SECRETARY [15] MY 2021 PER 2021 E/R [JOEL]
69249,2023,LO,SECRETARY,Secretary [15] E/R 2023 [lara]
69471,2007,LO,TREASURER,TREAS (352) 2007 ER;
69471,2008,LO,JW,JW (352) 2008 ER;
69471,2009,LO,SW,SW(352) 2009 ER;
69471,2010,LO,SW,SW (352) 2010 ER (ann04/14/10); 
69471,2011,LO,WM,WM (352) 2011 ER [ann]; 
69471,2018,LO,AUDITOR,AUD(352) 2018ER (JOEL);
69471,2024,LO,JW,JW [249] ER 2024 [Lara]
69472,2009,LO,JW,JW(352) 2009 ER;
69472,2010,LO,JW,JW (352) 2010 ER (ann04/14/10); 
69472,2012,LO,WM,WM (352) 2012 ER (fav 03/14/2012);
69472,2013,LO,AUDITOR,AUD (352) 2013 ER [JEN];
69472,2014,LO,AUDITOR,AUD (352) ER 2014 [JEN]; 
69487,2013,LO,TREASURER,TREAS (31) 2013 ER [JEN];
69487,2014,LO,SW,SW (31) 2014 ER [JEN];
69487,2015,LO,WM,WM (31) 2015 ER [JEN];
69487,2017,LO,TREASURER,TREAS (31) 2017 ER [JEN];
69487,2019,LO,AUDITOR,AUD(31) E/R 2019 [CATH]
69487,2020,LO,AUDITOR,AUDITOR [31] E/R 2020 [MON]
69487,2022,LO,AUDITOR,Auditor [31] Er 2022  [lara]
69487,2024,LO,AUDITOR,Auditor [31] ER 2024 [Lara]
69692,2007,LO,JW,JW (269) 2007 ER;
69692,2008,LO,SW,SW (269) 2008 ER; 
69692,2009,LO,WM,WM(269) 2009 ER;
69700,2007,LO,SECRETARY,SEC (352) 2007 ER;
69700,2008,LO,SW,SW (352) 2008 ER;
69700,2010,LO,WM,WM (352) 2010 ER (ann04/14/10); 
69700,2011,LO,AUDITOR,AUD (352) 2011 ER [ann]; 
69700,2012,LO,AUDITOR,AUD (352) 2012 ER (fav 03/14/2012);
69768,2009,LO,SECRETARY,SEC(352) 2009 ER;
69773,2007,LO,TREASURER,
69773,2008,LO,TREASURER,TREAS. (15) 2008 ER;
69773,2010,LO,JW,JW (15) 2010 ER (ann04/06/10); 
69773,2011,LO,WM,WM (15) 2011 ER [ann]; 
69833,2012,LO,JW,JW (69) 2012 ER [JEN];
69833,2013,LO,SW,SW (69) 2013 ER [JEN]; 
69833,2014,LO,WM,WM (69) ER 2014 [JEN]; 
69833,2015,LO,SECRETARY,SEC (69) 2015 ER [JEN];
69833,2016,LO,SECRETARY,SEC (69) 2016 ER [JEN];
69833,2017,LO,SECRETARY,SEC (69) 2017 ER [JEN];
69833,2018,LO,SECRETARY,SEC(69) 2018ER (JOEL);
69833,2019,LO,TREASURER,TREASURER(69)E/R2019[JOAN]
69833,2020,LO,AUDITOR,AUD [448] 2020 E/R [JOEL]
69833,2022,LO,SECRETARY,Sec [448] Er 2022  [lara]
69833,2023,LO,SECRETARY,Sec [448] E/R 2023 [lara]
69833,2024,LO,TREASURER,Treasurer [448] ER 2024 [Lara]
69833,2025,LO,TREASURER,Treasurer [448] ER 2025 [Lara]
69948,2008,LO,TREASURER,TREAS. (352) 2008 ER;
70233,2011,LO,JW,JW (51) 2011 ER [ann]; 
70233,2012,LO,SW,SW (51) 2012 ER [JEN];
70233,2013,LO,WM,WM (51) 2013 ER [JEN];
70234,2016,LO,TREASURER,TREAS (69) 2016 ER [JEN];
70234,2017,LO,JW,JW (69) 2017 ER [JEN];
70234,2018,LO,SW,SW(69) 2018ER (JOEL);
70234,2019,LO,WM,WM(69) E/R 2019 [JOAN]
70234,2020,LO,SECRETARY,SECRETARY [69] E/R 2020 [MON]
70234,2022,LO,SECRETARY,Sec [69] Er 2022 - [lara]
70234,2023,LO,SECRETARY,Sec [69] E/R 2023 [lara]
70234,2024,LO,SECRETARY,Sec [69] ER 2024 [Lara]
70234,2025,LO,SECRETARY,Sec [69] E/R 2025 [Lara]
70314,2011,LO,SW,SW (15) 2011 ER [ann]; 
70314,2012,LO,WM,WM (15) PER 2011 AR [JEN];
70385,2007,LO,JW,JW (17) 2007 ER;
70385,2008,LO,WM,WM (17) 2008 ER;
70385,2010,LO,WM,WM (17) 2010 ER (ann04/06/10); 
70385,2011,LO,SECRETARY,SEC (346) 2011 ER [ann]; 
70385,2012,LO,SECRETARY,SEC (346) 2012 ER (fav 03/16/2012);
70385,2013,LO,SECRETARY,SEC (346) 2013 ER [JEN];
70386,2011,LO,JW,JW (346) 2011 ER [ann]; 
70386,2012,LO,SW,SW (346) 2012 ER (fav 03/16/2012);
70386,2013,LO,WM,WM (346) 2013 ER [JEN];
70388,2010,LO,WM,WM (346) 2010 ER (ann04/14/10); 
70388,2011,LO,TREASURER,TREAS (346) 2011 ER [ann]; 
70389,2011,LO,SW,SW (346) 2011 ER [ann]; 
70389,2012,LO,WM,WM (346) 2012 ER (fav 03/16/2012);
70546,2008,LO,AUDITOR,AUD. (31) 2008 ER;
70548,2008,LO,SECRETARY,SEC. (31) 2008 ER;
70548,2012,LO,SW,SW (31) 2012 ER [JEN];
70548,2013,LO,WM,WM (31) 2013 ER [JEN];
70558,2008,LO,SW,SW (69) 2008 ER;
70558,2009,LO,WM,WM(69) 2009 ER;
70558,2010,LO,SECRETARY,SEC (69) 2010 ER (ann04/07/10); 
70558,2011,LO,SECRETARY,SEC (69) 2011 ER [ann]; 
70559,2008,LO,JW,JW (69) 2008 ER;
70559,2009,LO,SW,SW(69) 2009 ER;
70559,2010,LO,WM,WM (69) 2010 ER (ann04/07/10); 
70561,2015,LO,JW,JW (69) 2015 ER [JEN];
70561,2016,LO,SW,SW (69) 2016 ER [JEN];
70561,2017,LO,WM,WM (69) 2017 ER [JEN];
70751,2008,LO,TREASURER,TREAS. (31) 2008 ER;
70884,2010,LO,SW,SW (346) 2010 ER (ann04/14/10); 
70884,2011,LO,WM,WM (346) 2011 ER [ann]; 
70884,2012,LO,TREASURER,TREAS (346) 2012 ER (fav 03/16/2012);
70884,2013,LO,TREASURER,TREAS (346) 2013 ER [JEN];
70884,2018,LO,AUDITOR,AUD(346) 2018ER (JOEL);
70884,2019,LO,AUDITOR,AU(346) E/R 2019[JOAN]
71058,2011,LO,TREASURER,TREAS (352) 2011 ER [ann]; 
71154,2017,LO,JW,JW (346) 2017 ER [JEN];
71380,2010,LO,TREASURER,TREAS (352) 2010 ER (ann04/14/10); 
71381,2010,LO,SECRETARY,SEC (352) 2010 ER (ann04/14/10); 
71381,2011,LO,JW,JW (352) 2011 ER [ann]; 
71493,2014,LO,JW,JW (15) ER 2014 [JEN]; 
71493,2015,LO,SW,SW (15) 2015 ER [JEN];
71493,2016,LO,WM,WM (15) 2016 ER [JEN];
71493,2022,LO,AUDITOR,Auditor [15] Er 2022  [lara]
71493,2023,LO,AUDITOR,Auditor [15] E/R 2023 [lara]
71658,2009,LO,TREASURER,TREAS(366) 2009 ER;
71658,2011,LO,JW,JW (366) 2011 ER [ann]; 
71658,2013,LO,JW,JW (352) 2013 ER [JEN];
71658,2015,LO,TREASURER,TREAS (352) 2015 ER [JEN];
71658,2016,LO,WM,WM (352) 2016 ER [JEN];
71658,2017,LO,AUDITOR,AUD (352) 2017 ER [JEN];
71658,2023,LO,AUDITOR,Auditor [352] E/R 2023 [lara] 
71960,2012,LO,SECRETARY,SEC (31) 2012 ER [JEN];
71960,2013,LO,SECRETARY,"SEC (31) 2013 ER [JEN];

"
71960,2014,LO,SECRETARY,SEC (31) 2014 ER [JEN];
71960,2015,LO,SECRETARY,SEC (31) 2015 ER [JEN];
72246,2011,LO,JW,JW (15) 2011 ER [ann]; 
72246,2012,LO,SW,SW (15) PER 2011 AR [JEN];
72246,2013,LO,WM,WM (15) 2013 ER [JEN];
72248,2013,LO,JW,JW (15) 2013 ER [JEN];
72248,2014,LO,SW,SW (15) ER 2014 [JEN]; 
72248,2015,LO,WM,WM (15) 2015 ER [JEN];
72248,2016,LO,AUDITOR,AUD (15) 2016 ER [JEN];
72248,2020,LO,AUDITOR,AUDITOR [15] E/R 2020 [MON]
72248,2021,LO,AUDITOR,AUDITOR  [15] MY 2021 PER 2021 E/R [JOEL]
72248,2024,LO,TREASURER,Treasurer [15] E/R 2024 [lara]
72248,2025,LO,TREASURER,Treasurer [15] E/R 2025 [Lara]
72292,2016,LO,JW,JW (69) 2016 ER [JEN];
72292,2017,LO,SW,SW (69) 2017 ER [JEN];
72292,2018,LO,WM,WM(69) 2018ER (JOEL);
72292,2019,LO,SECRETARY,SEC(69)E/R2019[JOAN]
72292,2020,LO,TREASURER,TREASURER [69] E/R 2020 [MON]
72292,2022,LO,TREASURER,Treasurer [69] Er 2022 - [lara]
72292,2023,LO,TREASURER,Treasurer [69] E/R 2023 [lara]
72292,2024,LO,TREASURER,Treasurer [69] ER 2024 [Lara]
72292,2025,LO,TREASURER,Treasurer [69] E/R 2025 [Lara]
72297,2020,LO,JW,JW [431] E/R 2020 [MON]
72297,2022,LO,SW,SW [431] Er 2022  [lara]
72297,2023,LO,WM,WM [431] E/R 2023 [lara]
72434,2018,LO,JW,JW(15) 2018 (JOEL);
72434,2019,LO,SW,SW(15)E/R2019[JOAN]
72434,2020,LO,WM,WM [15] E/R 2020 [MON]
72638,2010,LO,SW,SW (15) 2010 ER (ann04/06/10); 
72638,2016,LO,SECRETARY,SEC (270) 2016 ER [JEN];
72638,2017,LO,SECRETARY,SEC (270) 2017 ER [JEN];
72638,2018,LO,SECRETARY,SEC(270)E/R(JOEL)
72638,2019,LO,JW,JW(270)E/R 2019 (RONA)
72638,2020,LO,WM,WM [442] E/R 2020 [MON]
72638,2022,LO,SECRETARY,Sec [442] Er 2022  [lara]
72638,2023,LO,SECRETARY,Sec [442] E/R 2023 [lara]
72638,2025,LO,SECRETARY,Sec [442] ER 2025 [Lara]
72789,2020,LO,JW,JW [442] E/R 2020 [MON]
73020,2012,LO,SECRETARY,SEC (69) 2012 ER [JEN];
73020,2013,LO,SECRETARY,SEC (69) 2013 ER [JEN]; 
73020,2022,LO,JW,JW [305] Er 2022  [lara]
73020,2023,LO,SW,SW [305] E/R 2023 [lara]
73020,2024,LO,WM,WM [305] ER 2024 [lara]
73048,2014,LO,JW,JW (346) 2014 ER [JEN]; 
73048,2015,LO,SW,SW (346) 2015 ER [JEN];
73048,2016,LO,WM,WM (346) 2016 ER [JEN];
73049,2010,LO,JW,JW (346) 2010 ER (ann04/14/10); 
73347,2014,LO,JW,JW (352) ER 2014 [JEN]; 
73347,2022,LO,SW,SW [352] Er 2022  [lara]
73347,2023,LO,WM,WM [352] E/R 2023 [lara] 
73347,2024,LO,SECRETARY,Sec [352] ER 2024 [Lara]
73458,2015,LO,JW,JW (15) 2015 ER [JEN];
73458,2016,LO,SW,SW (15) 2016 ER [JEN];
73458,2017,LO,WM,WM (15) 2017 ER [JEN];
74046,2011,LO,SECRETARY,SEC (352) 2011 ER [ann]; 
74046,2012,LO,SW,SW (352) 2012 ER (fav 03/14/2012);
74046,2013,LO,WM,WM (352) 2013 ER [JEN];
74046,2014,LO,SECRETARY,SEC (352) ER 2014 [JEN]; 
74046,2015,LO,AUDITOR,AUD (352) 2015 ER [JEN];
74181,2018,LO,JW,JW(51) 2018ER (JOEL);
74349,2020,LO,TREASURER,TREASURER [51] E/R 2020 [MON]
74403,2012,LO,JW,JW (15) PER 2011 AR [JEN];
74403,2013,LO,SW,SW (15) 2013 ER [JEN];
74403,2014,LO,WM,WM (15) ER 2014 [JEN]; 
74403,2016,LO,SECRETARY,SEC (15) 2016 ER [JEN];
74403,2017,LO,SECRETARY,SEC (15) 2017 ER [JEN];
75683,2018,LO,JW,JW(346) 2018ER (JOEL);
75683,2019,LO,SW,SW(346) E/R 2019[JOAN]
75683,2020,LO,WM,WM [346] E/R 2020 [MON]
75684,2014,LO,SW,SW (346) 2014 ER [JEN]; 
75684,2015,LO,WM,WM (346) 2015 ER [JEN];
75684,2016,LO,SECRETARY,SEC (346) 2016 ER [JEN];
75684,2017,LO,SECRETARY,SEC (346) 2017 ER [JEN];
75684,2018,LO,SECRETARY,SEC(346) 2018ER (JOEL);
75684,2019,LO,SECRETARY,SEC(346) E/R 2019[JOAN]
75684,2020,LO,SECRETARY,SECRETARY [346] E/R 2020 [MON]
75684,2022,LO,SECRETARY,Sec [346] Er 2022 [lara]
75701,2012,LO,JW,JW (51) 2012 ER [JEN];
75701,2013,LO,SW,SW (51) 2013 ER [JEN];
75701,2014,LO,WM,WM (51) 2014 ER [JEN]; 
75874,2012,LO,JW,JW (31) 2012 ER [JEN];
75874,2013,LO,SW,SW (31) 2013 ER [JEN];
75874,2014,LO,WM,WM (31) 2014 ER [JEN];
75874,2015,LO,AUDITOR,AUD (31) 2015 ER [JEN];
75874,2016,LO,AUDITOR,AUD (31) 2016 ER [JEN];
75874,2017,LO,AUDITOR,AUD (31) 2017 ER [JEN];
75899,2014,LO,TREASURER,TREAS (346) 2014 ER [JEN]; 
75899,2015,LO,TREASURER,TREAS (346) 2015 ER [JEN];
75899,2016,LO,TREASURER,TREAS (346) 2016 ER [JEN];
75899,2017,LO,TREASURER,TREAS (346) 2017 ER [JEN];
75899,2024,LO,JW,JW [346] ER 2024 [Lara]
76123,2015,LO,JW,JW (346) 2015 ER [JEN];
76123,2016,LO,SW,SW (346) 2016 ER [JEN];
76123,2017,LO,WM,WM (346) 2017 ER [JEN];
76123,2020,LO,AUDITOR,AUDITOR [346] E/R 2020 [MON]
76123,2022,LO,AUDITOR,Auditor [346] Er 2022 [lara]
76123,2023,LO,AUDITOR,Auditor [346] E/R 2023 [lara]
76123,2025,LO,AUDITOR,Auditor [467] ER 2025 [Lara]
76124,2022,LO,SW,Sw [467] Er 2022  [lara]
76124,2023,LO,SW,SW [467] E/R 2023 [lara]
76124,2024,LO,WM,WM [467] ER 2024 [Lara]
76127,2018,LO,SW,SW(346) 2018ER (JOEL);
76127,2019,LO,WM,WM(346) E/R 2019[JOAN]
76127,2022,LO,AUDITOR,Auditor [467] Er 2022  [lara]
76127,2023,LO,SECRETARY,Sec [346] E/R 2023 [lara]
76127,2024,LO,SECRETARY,Sec [346] ER 2024 [Lara]
76222,2012,LO,TREASURER,TREAS (352) 2012 ER (fav 03/14/2012);
76223,2012,LO,SECRETARY,SEC (352) 2012 ER (fav 03/14/2012);
76256,2013,LO,AUDITOR,AUD (51) 2013 ER [JEN];
76256,2014,LO,TREASURER,TREAS (51) 2014 ER [JEN]; 
76256,2015,LO,TREASURER,TREAS (51) 2015 ER [JEN];
76256,2016,LO,TREASURER,TREAS (51) 2016 ER [JEN];
76257,2025,LO,JW,JW [51] ER 2025 [Lara]
76258,2023,LO,TREASURER,Treasurer [51] E/R 2023 [lara]
76259,2013,LO,JW,JW (51) 2013 ER [JEN];
76259,2014,LO,SW,SW (51) 2014 ER [JEN]; 
76259,2015,LO,WM,WM (51) 2015 ER [JEN];
76271,2024,LO,JW,JW [31] ER 2024 [Lara]
76271,2025,LO,SW,SW [31] E/R 2025 [Lara]
76273,2015,LO,JW,JW (31) 2015 ER [JEN];
76273,2016,LO,SW,SW (31) 2016 ER [JEN];
76273,2017,LO,WM,WM (31) 2017 ER [JEN];
76350,2018,LO,JW,JW(69) 2018ER (JOEL);
76431,2016,LO,JW,JW (31) 2016 ER [JEN];
76432,2012,LO,TREASURER,TREAS (31) 2012 ER [JEN];
76432,2014,LO,JW,JW (31) 2014 ER [JEN];
76432,2015,LO,SW,SW (31) 2015 ER [JEN];
76432,2016,LO,WM,WM (31) 2016 ER [JEN];
76432,2018,LO,AUDITOR,AUD(31) 2018ER (JOEL);
76558,2014,LO,SW,SW (352) ER 2014 [JEN]; 
76558,2015,LO,WM,WM (352) 2015 ER [JEN];
76558,2016,LO,AUDITOR,AUD (352) 2016 ER [JEN];
77012,2022,LO,SW,SW [15] Er 2022  [lara]
77012,2020,LO,JW,JW [15] E/R 2020 [MON]
77012,2021,LO,SW,SW [15] MY 2021 PER 2021 E/R [JOEL]
77012,2023,LO,WM,WM [15] E/R 2023 [lara]
77021,2020,LO,JW,JW [69] E/R 2020 [MON]
77100,2016,LO,JW,JW (346) 2016 ER [JEN];
77100,2017,LO,SW,SW (346) 2017 ER [JEN];
77100,2018,LO,WM,WM(346) 2018ER (JOEL);
77100,2020,LO,SECRETARY,SECRETARY [447] E/R 2020 [MON]
77138,2023,LO,JW,JW [15] E/R 2023 [lara]
77138,2024,LO,SW,SW [15] E/R 2024 [lara]
77138,2025,LO,WM,WM [15] E/R 2025 [Lara]
77436,2025,LO,JW,JW [15] E/R 2025 [Lara]
77890,2022,LO,JW,JW [69] Er 2022 - [lara]
77890,2023,LO,SW,SW [69] E/R 2023 [lara]
77890,2024,LO,JW,JW [69] ER 2024 [Lara]
77993,2013,LO,SECRETARY,SEC (352) 2013 ER [JEN];
78065,2022,LO,JW,JW [51] Er 2022  [lara]
78065,2023,LO,SW,SW [51] E/R 2023 [lara]
78065,2024,LO,WM,WM [51] E/R 2024 [Lara]
78234,2013,LO,TREASURER,TREAS (352) 2013 ER [JEN];
78234,2014,LO,TREASURER,TREAS (352) ER 2014 [JEN]; 
78234,2016,LO,JW,JW (352) 2016 ER [JEN];
78234,2017,LO,SW,SW (352) 2017 ER [JEN];
78234,2018,LO,WM,WM(352) 2018ER (JOEL);
78234,2019,LO,AUDITOR,AU(352) E/R 2019[JOAN]
78392,2014,LO,JW,JW (51) 2014 ER [JEN]; 
78392,2015,LO,SW,SW (51) 2015 ER [JEN];
78392,2016,LO,WM,WM (51) 2016 ER [JEN];
78392,2018,LO,AUDITOR,AUD(51) 2018ER (JOEL);
78392,2019,LO,AUDITOR,AUD(51)E/R 2019[CATH]
78392,2020,LO,AUDITOR,AUDITOR [51] E/R 2020 [MON]
78392,2022,LO,AUDITOR,Auditor [51] Er 2022  [lara]
78393,2018,LO,SW,SW(51) 2018ER (JOEL);
78393,2019,LO,WM,WM(51)E/R 2019[CATH]
78393,2022,LO,SECRETARY,Secretary [51] Er 2022  [lara]
78393,2023,LO,AUDITOR,Auditor [51] E/R 2023 [lara]
78460,2020,LO,WM,WM [69] E/R 2020 [MON]
78575,2015,LO,JW,JW (51) 2015 ER [JEN];
78575,2016,LO,SW,SW (51) 2016 ER [JEN];
78575,2023,LO,AUDITOR,Auditor [467] E/R 2023 [lara]
78575,2024,LO,SECRETARY,Sec [51] E/R 2024 [Lara]
78575,2025,LO,SECRETARY,Sec [51] ER 2025 [Lara]
78745,2012,LO,JW,JW (352) 2012 ER (fav 03/14/2012);
78745,2013,LO,SW,SW (352) 2013 ER [JEN];
78745,2014,LO,WM,WM (352) ER 2014 [JEN]; 
78745,2015,LO,SECRETARY,SEC (352) 2015 ER [JEN];
78745,2022,LO,AUDITOR,Auditor [352] Er 2022  [lara]
78847,2019,LO,JW,JW(31) E/R 2019 [CATH]
78847,2020,LO,SW,SW [31] E/R 2020 [MON]
78847,2022,LO,WM,WM [31] Er 2022  [lara]
78847,2023,LO,SECRETARY,Sec [31] E/R 2023 [lara]
78847,2024,LO,SECRETARY,Sec [31] ER 2024 [Lara]
78847,2025,LO,AUDITOR,Auditor [31] E/R 2025 [Lara]
78877,2016,LO,TREASURER,TREAS (352) 2016 ER [JEN];
78877,2017,LO,SECRETARY,SEC (352) 2017 ER [JEN];
78877,2018,LO,JW,JW(352) 2018ER (JOEL);
78877,2019,LO,SW,SW(352) E/R 2019[JOAN]
78877,2020,LO,WM,WM [352] E/R 2020 [MON]
78877,2022,LO,SECRETARY,Sec [352] Er 2022  [lara]
78878,2017,LO,TREASURER,TREAS (352) 2017 ER [JEN];
78878,2022,LO,TREASURER,Treasurer [352] Er 2022  [lara]
78880,2015,LO,JW,JW (352) 2015 ER [JEN];
78880,2016,LO,SW,SW (352) 2016 ER [JEN];
78880,2017,LO,WM,WM (352) 2017 ER [JEN];
78989,2018,LO,SECRETARY,SEC(51) 2018ER (JOEL);
78989,2019,LO,JW,JW(51)E/R 2019[CATH]
78989,2020,LO,SW,SW [51] E/R 2020 [MON]
78989,2022,LO,WM,WM [51] Er 2022  [lara]
78989,2023,LO,SECRETARY,Sec [51] E/R 2023 [lara]
78989,2024,LO,AUDITOR,Auditor [51] ER 2024 [Lara]
78989,2025,LO,AUDITOR,Auditor [51] ER 2025 [Lara]
78989,2025,LO,AUDITOR,Auditor [51] ER 2025 [Lara]
78989,2025,LO,AUDITOR,Auditor [51] ER 2025 [Lara]
79265,2025,LO,TREASURER,Treasurer[352] ER 2025 [Lara]
79393,2017,LO,JW,JW (15) 2017 ER [JEN];
79393,2018,LO,SW,SW(15) 2018ER (JOEL)
79393,2019,LO,WM,WM(15)E/R2019[JOAN]
79393,2024,LO,AUDITOR,Auditor [15] E/R 2024 [Lara]
79393,2025,LO,AUDITOR,Auditor [15] E/R 2025 [Lara]
79518,2019,LO,TREASURER,TREAS(51)E/R 2019[CATH]
79518,2020,LO,JW,JW [51] E/R 2020 [MON]
79518,2022,LO,SW,SW [51] Er 2022  [lara]
79518,2023,LO,WM,WM [51] E/R 2023 [lara]
79628,2015,LO,SW,SW (352) 2015 ER [JEN];
79628,2023,LO,SW,SW [352] E/R 2023 [lara] 
79645,2024,LO,SW,SW [43] E/R 2024 [Lara]
79645,2025,LO,WM,WM [43] ER 2025 [Lara]
80074,2024,LO,JW,JW [352] ER 2024 [Lara]
80661,2019,LO,SECRETARY,SEC(51)E/R 2019[CATH]
80661,2020,LO,SECRETARY,SECRETARY [51] E/R 2020 [MON]
80670,2016,LO,SECRETARY,SEC (51) 2016 ER [JEN];
81051,2022,LO,JW,JW [467] Er 2022  [lara]
81051,2023,LO,WM,WM [467] E/R 2023 [lara]
81620,2022,LO,TREASURER,Treasurer [51] Er 2022  [lara]
81620,2024,LO,JW,JW [51] E/R 2024 [Lara]
81620,2025,LO,SW,SW [51] ER 2025 [Lara]
81621,218,LO,TREASURER,TREAS(51) 2018ER (JOEL);
81621,2018,LO,TREASURER,TREAS(51) 2018ER (JOEL);
81621,2019,LO,SW,SW(51)E/R 2019[CATH]
81621,2020,LO,WM, WM [51] E/R 2020 [MON]
81622,2016,LO,JW,JW (51) 2016 ER [JEN];
81622,2018,LO,WM,WM(51) 2018ER (JOEL);
81907,2019,LO,SECRETARY,SEC(352) E/R 2019[JOAN]
81908,2016,LO,SECRETARY,SEC (352) 2016 ER [JEN];
81908,2018,LO,SW,SW(352) 2018ER (JOEL);
81908,2019,LO,WM,WM(352) E/R 2019[JOAN]
81908,2020,LO,AUDITOR,AUDITOR [352] E/R 2020 [MON]
82113,2023,LO,JW,JW [352] E/R 2023 [lara] 
82113,2024,LO,WM,WM [352] ER 2024 [Lara]
82113,2025,LO,SECRETARY,Sec [352] ER 2025 [Lara]
82116,2020,LO,SECRETARY,SECRETARY [352] E/R 2020 [MON]
82116,2022,LO,JW,JW [352] Er 2022  [lara]
82400,2018,LO,SECRETARY,SEC(31) 2018ER (JOEL);
82400,2019,LO,SW,SW(31) E/R 2019 [CATH]
82400,2020,LO,WM,WM [31] E/R 2020 [MON]
82400,2022,LO,SECRETARY,Sec [31] Er 2022  [lara]
82400,2023,LO,AUDITOR,Auditor [31] E/R 2023 [lara]
82400,2024,LO,AUDITOR,Auditor [467] ER 2024 [Lara]
82400,2025,LO,SECRETARY,Sec [467] ER 2025 [Lara]
82401,2016,LO,SECRETARY,SEC (31) 2016 ER [JEN];
82401,2017,LO,SECRETARY,SEC (31) 2017 ER [JEN];
82401,2018,LO,JW,JW(31) 2018ER (JOEL);
82401,2022,LO,JW,JW [31] Er 2022  [lara]
82401,2023,LO,SW,SW [31] E/R 2023 [lara]
82401,2024,LO,WM,WM [31] ER 2024 [Lara]
82401,2025,LO,SECRETARY,Sec [31] E/R 2025 [Lara]
82416,2024,LO,JW,JW [467] ER 2024 [Lara]
82416,2025,LO,SW,SW [467] ER 2025 [Lara]
82907,2018,LO,TREASURER,TREAS(325) 2018ER (JOEL);
82907,2019,LO,JW,JW(352) E/R 2019[JOAN]
82907,2020,LO,SW,SW [352] E/R 2020 [MON]
82907,2022,LO,WM,WM [352] Er 2022  [lara]
82907,2023,LO,SECRETARY,Sec [352] E/R 2023 [lara] 
82907,2024,LO,AUDITOR,Auditor [352] ER 2024 [Lara]
82908,2023,LO,TREASURER,Treasurer [352] E/R 2023 [lara] 
82908,2024,LO,SW,SW [352] ER 2024 [Lara]
82908,2025,LO,WM,WM [352] ER 2025 [Lara]
83034,2024,LO,TREASURER,Treasurer [352] ER 2024 [Lara]
83034,2025,LO,JW,JW [352] ER 2025 [Lara]
83063,2018,LO,TREASURER,TREAS(31) 2018ER (JOEL);
83163,2019,LO,JW,JW(346) E/R 2019[JOAN]
83163,2019,LO,JW,JW(346) E/R 2019[JOAN]
83163,2020,LO,SW,SW [346] E/R 2020 [MON]
83163,2022,LO,WM,WM [346] Er 2022 [lara]
83163,2024,LO,AUDITOR,Auditor [346] ER 2024 [Lara]
83164,2018,LO,TREASURER,TREAS(346) 2018ER (JOEL);
83164,2019,LO,TREASURER,TREASURER(346) E/R 2019[JOAN]
83164,2020,LO,TREASURER,TREASURER [346] E/R 2020 [MON]
83164,2022,LO,JW,JW [346] Er 2022 [lara]
83164,2023,LO,SW,SW [346] E/R 2023 [lara] 
83164,2024,LO,WM,WM [346] ER 2024 [Lara]
83792,2024,LO,JW,JW [15] E/R 2024 [lara]
83792,2025,LO,SW,SW [15] E/R 2025 [Lara]
83796,2022,LO,JW,JW [15] Er 2022  [lara]
83796,2021,LO,JW,JW [15] MY 2021 PER 2021 E/R [JOEL]
83796,2023,LO,SW,SW[15] E/R 2023 [lara]
83796,2024,LO,WM,WM [15] E/R 2024 [lara]
83922,2022,LO,SW,SW [69] Er 2022 - [lara]
83922,2023,LO,WM,WM [69] E/R 2023 [lara]
84079,2025,LO,SW,SW [352] ER 2025 [Lara]
84377,2020,LO,JW,JW [346] E/R 2020 [MON]
84377,2022,LO,SW,SW [346] Er 2022 [lara]
84377,2023,LO,WM,WM [346] E/R 2023 [lara] 
84621,2023,LO,JW,JW [346] E/R 2023 [lara]
84621,2024,LO,SW,SW [346] ER 2024 [Lara]
84995,2022,LO,TREASURER,Treasurer [346] Er 2022 [lara]
84995,2023,LO,TREASURER,Treasurer [346] E/R 2023 [lara]
84995,2024,LO,TREASURER,Treasurer [346] ER 2024 [Lara]
85658,2020,LO,SECRETARY,SECRETARY [31] E/R 2020 [MON]
85954,2024,LO,TREASURER,Treasurer [51] E/R 2024 [Lara]
85954,2025,LO,TREASURER,Treasurer [51] ER 2025 [Lara]
85994,2019,LO,SECRETARY,SEC(441)E/R2019[JOAN]
86873,2023,LO,JW,JW [69] E/R 2023 [lara]
86873,2024,LO,WM,WM [69] ER 2024 [Lara]
87103,2020,LO,SW,SW [448] 2020 E/R [JOEL]
87103,2022,LO,WM,WM [448] Er 2022  [lara]
87109,2022,LO,TREASURER,Treasurer [31] Er 2022  [lara]
87109,2023,LO,JW,JW [31] E/R 2023 [lara]
87109,2024,LO,SW,SW [31] ER 2024 [Lara]
87109,2025,LO,WM,WM [31] E/R 2025 [Lara]
87110,2023,LO,TREASURER,Treasurer [31] E/R 2023 [lara]
87110,2024,LO,TREASURER,Treasurer [31] ER 2024 [Lara]
87110,2025,LO,JW,JW [31] E/R 2025 [Lara]
87255,2025,LO,TREASURER,Treasurer [31] E/R 2025 [Lara]
87355,2022,LO,JW,JW [448] Er 2022  [lara]
87355,2023,LO,SW,SW [448] E/R 2023 [lara]
87355,2024,LO,WM,WM [448] ER 2024 [Lara]
87356,2023,LO,JW,JW [448] E/R 2023 [lara]
87356,2024,LO,SW,SW [448] ER 2024 [Lara]
87356,2025,LO,WM,WM [448] ER 2025 [Lara]
87440,2020,LO,JW,JW [448] 2020 E/R [JOEL]
87440,2022,LO,SW,Sw[448] Er 2022  [lara]
87440,2023,LO,WM,WM [448] E/R 2023 [lara]
87440,2024,LO,SECRETARY,Sec [448] ER 2024 [Lara]
87440,2025,LO,SECRETARY,Sec [448] ER 2025 [Lara]
87720,2024,LO,SW,SW [69] ER 2024 [Lara]
87720,2025,LO,WM,WM [69] E/R 2025 [Lara]
88405,2023,LO,JW,JW [51] E/R 2023 [lara]
88405,2024,LO,SW,SW [51] E/R 2024 [Lara]
88405,2025,LO,WM,WM [51] ER 2025 [Lara]
88555,2024,LO,JW,JW [448] ER 2024 [Lara]
88555,2025,LO,SW,SW [448] ER 2025 [Lara]
88556,2025,LO,JW,JW [448] ER 2025 [Lara]
93601,2025,LO,SW,SW [69] E/R 2025 [Lara]
94719,2025,LO,JW,JW [69] E/R 2025 [Lara]
